id,source,label,title,url,predicted_label,prob_mixed,prob_negative,prob_pro,confidence
1,guardian,mixed,"Miracle Mile: boy meets girl, romcom meets nuclear war",https://www.theguardian.com/culture/2026/apr/14/miracle-mile-romcom-meets-nuclear-war,mixed,1.0,0.0,0.0,1.0
2,guardian,mixed,"North Korea rapidly expanding nuclear weapons capability, UN watchdog warns",https://www.theguardian.com/world/2026/apr/15/north-korea-nuclear-weapons-capability-un-watchdog-rafael-grossi,mixed,1.0,0.0,0.0,1.0
3,guardian,mixed,"How ignorance, misunderstanding and obfuscation ended Iran nuclear talks",https://www.theguardian.com/world/2026/mar/18/ignorance-misunderstanding-obfuscation-iran-nuclear-talks-trump,mixed,1.0,0.0,0.0,1.0
4,guardian,mixed,"Top Iranian nuclear scientists killed, Israel says – as it happened",https://www.theguardian.com/world/live/2026/mar/12/iran-war-live-updates-oil-trump-middle-east-crisis-israel-lebanon-iraq-latest-news,mixed,1.0,0.0,0.0,1.0
5,guardian,mixed,Trump tells Kentucky rally Iran’s military and nuclear capabilities degraded,https://www.theguardian.com/us-news/2026/mar/11/trump-kentucky-rally-iran,mixed,1.0,0.0,0.0,1.0
6,guardian,mixed,How Trump officials created ‘nuclear option’ against protesters in church,https://www.theguardian.com/us-news/2026/mar/04/trump-church-protests,mixed,1.0,0.0,0.0,1.0
7,guardian,mixed,Iran prepares nuclear counterproposal as US considers limited military strikes,https://www.theguardian.com/world/2026/feb/21/iran-nuclear-counterproposal-us-strikes-threat,mixed,1.0,0.0,0.0,1.0
8,guardian,mixed,Two people arrested after trying to enter UK nuclear submarine base,https://www.theguardian.com/uk-news/2026/mar/20/two-people-arrested-after-trying-to-enter-faslane-nuclear-base,mixed,1.0,0.0,0.0,1.0
9,guardian,mixed,US ‘restricts intelligence sharing with South Korea’ after minister identified suspected nuclear site,https://www.theguardian.com/world/2026/apr/21/us-reportedly-restricts-south-korea-intelligence-sharing-after-minister-identified-suspected-nuclear-site,mixed,1.0,0.0,0.0,1.0
10,guardian,mixed,"UK needs nuclear deterrent independent from US, Ed Davey to say",https://www.theguardian.com/politics/2026/mar/15/uk-needs-nuclear-deterrent-independent-from-us-ed-davey-to-say,mixed,1.0,0.0,0.0,1.0
11,guardian,mixed,About 200 injured in Iranian missile strikes near nuclear facility in Israel,https://www.theguardian.com/world/2026/mar/21/wounded-iranian-missile-strikes-southern-israel,mixed,1.0,0.0,0.0,1.0
12,guardian,mixed,"War has given Iran new leverage for nuclear programme, say US former envoys",https://www.theguardian.com/world/2026/apr/10/middle-east-crisis-has-given-iran-new-way-to-resist-nuclear-limits-say-former-us-iran-envoys,mixed,1.0,0.0,0.0,1.0
13,guardian,mixed,Treaties to limit the proliferation of nuclear weapons are failing | Letters,https://www.theguardian.com/world/2026/feb/08/treaties-to-limit-the-proliferation-of-nuclear-weapons-are-failing,mixed,1.0,0.0,0.0,1.0
14,guardian,mixed,"France to increase nuclear arsenal and European weapons cooperation, Macron says",https://www.theguardian.com/world/2026/mar/02/france-increase-nuclear-arsenal-european-weapons-cooperation-macron-says,mixed,1.0,0.0,0.0,1.0
15,guardian,mixed,"Countries must seek energy independence through renewables and nuclear, says John Kerry",https://www.theguardian.com/world/2026/mar/11/energy-independence-renewables-nuclear-says-john-kerry-war-iran-oil,mixed,1.0,0.0,0.0,1.0
16,guardian,mixed,"US weighs sending forces into Iran to secure nuclear stockpile, reports say",https://www.theguardian.com/world/2026/mar/10/us-weighs-sending-forces-into-iran-to-secure-nuclear-stockpile-reports-say,mixed,1.0,0.0,0.0,1.0
17,guardian,mixed,"Attacking Iran’s nuclear programme could drive it towards a bomb, experts warn",https://www.theguardian.com/world/2026/mar/04/us-israel-strikes-iran-nuclear-program-could-backfire,mixed,1.0,0.0,0.0,1.0
18,guardian,mixed,JD Vance says talks failed due to Iran’s refusal to give up nuclear programme,https://www.theguardian.com/world/2026/apr/12/jd-vance-says-no-deal-us-iran-pakistan-talks-islamabad,mixed,1.0,0.0,0.0,1.0
19,guardian,mixed,Miliband reveals plans that could mean nuclear power plants built near homes,https://www.theguardian.com/environment/2026/mar/13/nuclear-power-generation-uk-deregulation-plans-ed-miliband,mixed,1.0,0.0,0.0,1.0
20,guardian,mixed,Iran enters critical nuclear talks with US insisting deal is within reach,https://www.theguardian.com/world/2026/feb/25/us-iran-nuclear-talks-critical-stage-trump,mixed,1.0,0.0,0.0,1.0
21,guardian,mixed,Norway defence chief says Russia could invade to protect nuclear assets,https://www.theguardian.com/world/2026/feb/10/norway-defence-chief-russia-nuclear-assets,mixed,1.0,0.0,0.0,1.0
22,guardian,mixed,Perfect for an apocalypse! How the nuclear bunker became TV’s hottest property,https://www.theguardian.com/tv-and-radio/2026/feb/26/perfect-for-an-apocalypse-how-the-nuclear-bunker-became-tvs-hottest-property,mixed,1.0,0.0,0.0,1.0
23,guardian,mixed,Iranian among two charged over alleged attempt to enter UK nuclear submarine base,https://www.theguardian.com/uk-news/2026/mar/21/iranian-among-two-charged-over-alleged-attempt-to-enter-uk-nuclear-submarine-base,mixed,1.0,0.0,0.0,1.0
24,guardian,mixed,"France to increase its number of nuclear warheads, Macron says – as it happened",https://www.theguardian.com/world/live/2026/mar/02/eu-response-middle-east-conflict-evacuate-citizens-europe-live-latest-news,mixed,1.0,0.0,0.0,1.0
25,guardian,mixed,A deafening nuclear fusion reactor: why you wouldn’t want to hear the sun,https://www.theguardian.com/news/2026/feb/26/deafening-hear-the-sun,mixed,1.0,0.0,0.0,1.0
26,guardian,mixed,China is leading the charge to nuclear Armageddon – and Starmer barely noticed | Simon Tisdall,https://www.theguardian.com/commentisfree/2026/feb/01/trump-xi-putin-china-nuclear-armageddon,mixed,1.0,0.0,0.0,1.0
27,guardian,mixed,US-Iran nuclear talks end without a deal as threat of war grows,https://www.theguardian.com/world/2026/feb/26/trump-attack-threat-looms-as-nuclear-talks-between-us-and-iran-go-to-wire,mixed,1.0,0.0,0.0,1.0
28,guardian,mixed,US and Iranian negotiators meet for critical nuclear talks in Geneva | First Thing,https://www.theguardian.com/us-news/2026/feb/26/first-thing-us-iran-nuclear-talks-geneva,mixed,1.0,0.0,0.0,1.0
29,guardian,mixed,US and Iran say ‘good’ start made in talks over nuclear programme,https://www.theguardian.com/world/2026/feb/06/us-iran-talks-oman-nuclear-programme,mixed,1.0,0.0,0.0,1.0
30,guardian,mixed,‘We’d all be in the destruction zone!’ Can anything stop today’s nuclear free-for-all?,https://www.theguardian.com/lifeandstyle/2026/apr/08/lib-dem-sue-miller-interview-nuclear-war-disarmament,mixed,1.0,0.0,0.0,1.0
31,guardian,mixed,Hinkley Point C nuclear plant delayed to 2030 as costs climb to £35bn,https://www.theguardian.com/uk-news/2026/feb/20/hinkley-point-c-delayed-to-2030-as-costs-climb-to-35bn,mixed,1.0,0.0,0.0,1.0
32,guardian,mixed,‘An environmental nuclear bomb’: documentary examines fight to save Great Salt Lake,https://www.theguardian.com/film/2026/jan/22/the-lake-sundance-film-festival-dicaprio,mixed,1.0,0.0,0.0,1.0
33,guardian,mixed,Washington and Tehran to hold more nuclear talks as protests reignite in Iran,https://www.theguardian.com/world/2026/feb/22/washington-and-tehran-to-hold-more-nuclear-talks-as-protests-reignite-in-iran,mixed,1.0,0.0,0.0,1.0
34,guardian,mixed,"Ukraine war briefing: Russia readying strikes on nuclear power system, Zelenskyy warns",https://www.theguardian.com/world/2026/jan/18/ukraine-war-briefing-russia-readying-strikes-on-nuclear-power-system-zelenskyy-warns,mixed,1.0,0.0,0.0,1.0
35,guardian,mixed,Fukushima review – a devastating account of disaster and denial in 2011 nuclear catastrophe,https://www.theguardian.com/film/2026/feb/18/fukushima-review-2011-nuclear-disaster-japan,mixed,1.0,0.0,0.0,1.0
36,guardian,mixed,Russia claims to have moved nuclear-capable missile system into Belarus,https://www.theguardian.com/world/2025/dec/30/russia-claims-moved-nuclear-capable-missile-system-belarus,mixed,1.0,0.0,0.0,1.0
37,guardian,mixed,Trump says he is still seeking Iran anti-nuclear deal after Netanyahu meeting,https://www.theguardian.com/us-news/2026/feb/11/trump-netanyahu-iran-nuclear-deal,mixed,1.0,0.0,0.0,1.0
38,guardian,mixed,Iran’s president denies it seeks nuclear weapon and admits ‘shame’ after mass protests,https://www.theguardian.com/world/2026/feb/11/iran-president-denies-it-seeks-nuclear-weapon-admits-shame-after-protests,mixed,1.0,0.0,0.0,1.0
39,guardian,mixed,Iran tells US not to let Netanyahu thwart nuclear talks before Trump meeting,https://www.theguardian.com/world/2026/feb/10/iran-tells-us-not-to-let-netanyahu-thwart-nuclear-talks-before-trump-meeting,mixed,1.0,0.0,0.0,1.0
40,guardian,mixed,Expiry of nuclear weapons pact between US and Russia risks new arms race,https://www.theguardian.com/world/2026/feb/03/expiry-nuclear-weapons-pact-us-russia-arms-race,mixed,1.0,0.0,0.0,1.0
41,guardian,mixed,"UK ‘most expensive place’ to build nuclear power, review finds",https://www.theguardian.com/environment/2025/nov/24/new-nuclear-reactors-regulations-uk-government-taskforce,mixed,1.0,0.0,0.0,1.0
42,guardian,mixed,Fears about nuclear war are reaching a fever pitch. Another grim sign of the times | Judith Levine,https://www.theguardian.com/commentisfree/2026/mar/12/war-iran-world-war-3-discussion,mixed,1.0,0.0,0.0,1.0
43,guardian,mixed,"15 years after Fukushima, Japan prepares to restart the world’s biggest nuclear plant",https://www.theguardian.com/world/2026/jan/19/japan-nuclear-plant-restart-kashiwazaki-kariwa-fukushima,mixed,1.0,0.0,0.0,1.0
44,guardian,mixed,Betting on nuclear war: what are prediction markets and could they come to the UK?,https://www.theguardian.com/society/2026/mar/06/bylections-regime-change-how-gambing-on-any-event-fuelled-the-surge-in-prediction-markets,mixed,1.0,0.0,0.0,1.0
45,guardian,mixed,US congressional report explores option of not delivering any Aukus nuclear submarines to Australia,https://www.theguardian.com/world/2026/feb/05/not-delivering-any-aukus-nuclear-submarines-to-australia-explored-as-option-in-us-congressional-report,mixed,1.0,0.0,0.0,1.0
46,guardian,mixed,"Possibility of US ever selling Australia nuclear submarines is increasingly remote, Aukus critics say",https://www.theguardian.com/world/2026/feb/05/aukus-nuclear-submarine-deal-us-australia,mixed,1.0,0.0,0.0,1.0
47,guardian,mixed,Don’t believe the hype about nuclear weapons | Letters,https://www.theguardian.com/world/2025/aug/12/dont-believe-the-hype-about-nuclear-weapons,mixed,1.0,0.0,0.0,1.0
48,guardian,mixed,‘We’re being turned into an energy colony’: Argentina’s nuclear plan faces backlash over US interests,https://www.theguardian.com/global-development/2026/feb/09/energy-colony-argentina-patagonia-uranium-nuclear-plan-backlash-over-us-interests,mixed,1.0,0.0,0.0,1.0
49,guardian,mixed,Israeli strikes have not knocked out Iran’s nuclear programme – or its nuclear ambitions,https://www.theguardian.com/world/2025/jun/18/israels-gamble-on-force-could-push-iran-to-accelerate-nuclear-plans,mixed,1.0,0.0,0.0,1.0
50,guardian,mixed,"Trump should defy Netanyahu over nuclear talks with Iran, says its foreign minister",https://www.theguardian.com/world/2025/dec/30/trump-should-defy-netanyahu-over-nuclear-talks-with-iran-says-its-foreign-minister,mixed,1.0,0.0,0.0,1.0
51,guardian,mixed,Iran announces official end to 10-year-old nuclear agreement,https://www.theguardian.com/world/2025/oct/18/iran-announces-official-end-to-10-year-old-nuclear-agreement,mixed,1.0,0.0,0.0,1.0
52,guardian,mixed,Trump’s Iran war will reinforce North Korea’s view that nuclear weapons are the only path to security,https://www.theguardian.com/world/2026/mar/10/north-korea-nuclear-weapons-trump-iran-war,mixed,1.0,0.0,0.0,1.0
53,guardian,mixed,The risk of nuclear war is rising again. We need a new movement for global peace | David Cortright,https://www.theguardian.com/commentisfree/2026/feb/08/nuclear-war-risk-rising-global-peace,mixed,1.0,0.0,0.0,1.0
54,guardian,mixed,"‘Grave moment’: end of US-Russia nuclear pact comes at worst possible time, UN chief warns",https://www.theguardian.com/world/2026/feb/05/russia-us-nuclear-new-start-treaty-expires-un-warning,mixed,1.0,0.0,0.0,1.0
55,guardian,mixed,"US submarines carrying nuclear weapons could dock in Australia despite ban, Senate told",https://www.theguardian.com/australia-news/2025/dec/05/us-submarines-nuclear-weapons-australia-aukus,mixed,1.0,0.0,0.0,1.0
56,guardian,mixed,Trump officials announce $1bn loan to restart Three Mile Island nuclear plant,https://www.theguardian.com/us-news/2025/nov/19/three-mile-island-nuclear-loan-microsoft-datacenter,mixed,1.0,0.0,0.0,1.0
57,guardian,mixed,Ukraine war briefing: Russia deliberately ‘endangering nuclear safety in Europe’ says Kyiv,https://www.theguardian.com/world/2025/nov/09/ukraine-war-briefing-russia-deliberately-endangering-nuclear-safety-in-europe-says-kyiv,mixed,1.0,0.0,0.0,1.0
58,guardian,mixed,The Iran war has heightened the nuclear and climate threat. Australia must help the world step back from the brink | Chris Barrie,https://www.theguardian.com/australia-news/commentisfree/2026/apr/13/iran-war-trump-nuclear-climate-threat-australia-role-responsibility,mixed,1.0,0.0,0.0,1.0
59,guardian,mixed,"Ukraine war briefing: Russian attacks on substations are ‘nuclear terrorism’, says Ukraine",https://www.theguardian.com/world/2025/nov/01/ukraine-war-briefing-russian-attacks-on-substations-are-nuclear-terrorism-says-ukraine,mixed,1.0,0.0,0.0,1.0
60,guardian,mixed,A Japanese ‘conman’ tried to sell an undercover DEA agent nuclear materials – but how did he get them?,https://www.theguardian.com/us-news/2026/mar/07/japanese-conman-convicted-drug-nuclear-weapons,mixed,1.0,0.0,0.0,1.0
61,guardian,mixed,The patience and the poker face: Iran’s wily diplomat set to face the US in nuclear talks,https://www.theguardian.com/world/2026/feb/16/the-patience-and-the-poker-face-irans-wily-diplomat-set-to-face-the-us-in-nuclear-talks,mixed,1.0,0.0,0.0,1.0
62,guardian,mixed,Trump news at a glance: president weighs ordering ‘bad things’ against Iran as nuclear deal sits in limbo,https://www.theguardian.com/us-news/2026/feb/19/trump-news-at-a-glance-latest-updates-today,mixed,1.0,0.0,0.0,1.0
63,guardian,mixed,Marco Rubio briefs US lawmakers on Iran as Trump uses State of the Union to threaten nuclear programme,https://www.theguardian.com/us-news/2026/feb/24/marco-rubio-iran-briefing,mixed,1.0,0.0,0.0,1.0
64,guardian,mixed,Former Iranian foreign minister proposes regional nuclear pact,https://www.theguardian.com/world/2025/jul/31/former-iranian-foreign-minister-proposes-regional-nuclear-pact,mixed,1.0,0.0,0.0,1.0
65,guardian,mixed,Russia says it has moved its nuclear-capable Oreshnik missiles into Belarus – as it happened,https://www.theguardian.com/world/live/2025/dec/30/ukraine-russia-war-zelenskyy-putin-us-trump-eu-latest-updates,mixed,1.0,0.0,0.0,1.0
66,guardian,mixed,Jane Hume renews push to lift nuclear energy ban – as it happened,https://www.theguardian.com/australia-news/live/2025/oct/28/federal-parliament-algae-report-senate-social-media-age-assurance-labor-coalition-anthony-albanese-sussan-ley-barnaby-joyce-telco-penalties-ntwnfb,mixed,1.0,0.0,0.0,1.0
67,guardian,mixed,Trump directs Pentagon to match Russia and China in nuclear weapons testing,https://www.theguardian.com/us-news/2025/oct/29/trump-pentagon-us-nuclear-weapons,mixed,1.0,0.0,0.0,1.0
68,guardian,mixed,Russia accused of sabotaging last power line into Zaporizhzhia nuclear plant,https://www.theguardian.com/world/2025/oct/01/russia-accused-of-sabotaging-last-power-line-into-zaporizhzhia-nuclear-plant,mixed,1.0,0.0,0.0,1.0
69,guardian,mixed,Tabled document reveals Liberal party’s secret election review of its ‘worst campaign’: from ‘grim’ Dutton to ‘weird’ nuclear policy,https://www.theguardian.com/australia-news/2026/mar/03/tabled-document-reveals-liberal-partys-secret-election-review-of-its-worst-campaign-from-grim-dutton-to-weird-nuclear-policy,mixed,1.0,0.0,0.0,1.0
70,guardian,mixed,Swarm of jellyfish shuts nuclear power plant in France,https://www.theguardian.com/world/2025/aug/11/swarm-of-jellyfish-shuts-nuclear-power-plant-in-france,mixed,1.0,0.0,0.0,1.0
71,guardian,mixed,Iran accuses Europe of stepping aside and letting Trump dictate nuclear deal terms,https://www.theguardian.com/world/2025/sep/01/iran-accuses-europe-surrendering-nuclear-deal-trump-veto,mixed,1.0,0.0,0.0,1.0
72,guardian,mixed,UN security council fails to prevent ‘snapback’ nuclear sanctions on Iran,https://www.theguardian.com/world/2025/sep/20/un-security-council-fails-to-prevent-snapback-nuclear-sanctions-on-iran,mixed,1.0,0.0,0.0,1.0
73,guardian,mixed,‘People are wrestling with the burden’: Japan pivots to focus on nuclear power ‘maximisation’ alongside renewables,https://www.theguardian.com/environment/2025/dec/31/japan-pivots-nuclear-power-maximisation-renewables,mixed,1.0,0.0,0.0,1.0
74,guardian,mixed,Digested week: ‘Nuclear’ Wintour should bunker down in Cara’s ball pit | Lucy Mangan,https://www.theguardian.com/uk-news/2025/sep/05/digested-week-anna-wintour-vogue-cara-delevingne-ball-pit,mixed,1.0,0.0,0.0,1.0
75,guardian,mixed,"‘Our world is combustible’: Kathryn Bigelow on AI, Andy Warhol and nuclear Armageddon",https://www.theguardian.com/film/2025/oct/17/kathryn-bigelow-ai-andy-warhol-nuclear-armageddon-a-house-of-dynamite,mixed,1.0,0.0,0.0,1.0
76,guardian,mixed,Iran says it could rejoin US nuclear talks if treated with ‘dignity and respect’,https://www.theguardian.com/world/2025/nov/16/iran-could-rejoin-us-nuclear-talks,mixed,1.0,0.0,0.0,1.0
77,guardian,mixed,Russia could back delay to ‘snapback’ of nuclear sanctions against Iran,https://www.theguardian.com/world/2025/aug/26/iran-nuclear-sanctions-delay-russia,mixed,1.0,0.0,0.0,1.0
78,guardian,mixed,The Fukushima towns frozen in time: nature has thrived since the nuclear disaster but what happens if humans return?,https://www.theguardian.com/environment/2026/jan/27/japan-fukushima-environment-nuclear-disaster-nature-history-hope-loss-aoe,mixed,1.0,0.0,0.0,1.0
79,guardian,mixed,We must count the real costs of nuclear power | Letters,https://www.theguardian.com/environment/2025/jul/09/we-must-count-the-real-costs-of-nuclear-power,mixed,1.0,0.0,0.0,1.0
80,guardian,mixed,‘It’s like a nuclear bomb has hit’: shocked Palestinians return home to desolation,https://www.theguardian.com/world/2025/oct/18/its-like-a-nuclear-bomb-has-hit-shocked-palestinians-return-home-to-desolation,mixed,1.0,0.0,0.0,1.0
81,guardian,mixed,Trump’s war on Iran and regime change | Brief letters,https://www.theguardian.com/world/2026/mar/02/trumps-war-on-iran-and-regime-change,mixed,1.0,0.0,0.0,1.0
82,guardian,mixed,Are the stars finally aligning for the ‘new golden age’ of nuclear? | Nils Pratley,https://www.theguardian.com/business/nils-pratley-on-finance/2025/sep/18/are-the-stars-finally-aligning-for-the-new-golden-age-of-nuclear,mixed,1.0,0.0,0.0,1.0
83,guardian,mixed,"As the UK looks to invest in nuclear, here’s what it could mean for Britain’s environment",https://www.theguardian.com/environment/2025/dec/11/starmers-nuclear-deregulation-plans-could-trigger-a-major-environmental-rollback,mixed,1.0,0.0,0.0,1.0
84,guardian,mixed,A House of Dynamite writer ‘respectfully disagrees’ with Pentagon’s complaints about nuclear missile thriller,https://www.theguardian.com/film/2025/oct/28/house-of-dynamite-accuracy-pentagon-nuclear-missile-noah-oppenheim,mixed,1.0,0.0,0.0,1.0
85,guardian,mixed,Treasury criticises ‘unachievable’ plan for underground nuclear waste dump in Cumbria,https://www.theguardian.com/environment/2025/aug/18/treasury-criticises-unachievable-plan-for-underground-nuclear-waste-dump-in-cumbria,mixed,1.0,0.0,0.0,1.0
86,guardian,mixed,UK small businesses and charities say nuclear levy could add thousands to bills,https://www.theguardian.com/business/2025/oct/12/uk-small-businesses-and-charities-say-nuclear-levy-could-add-thousands-to-bills,mixed,1.0,0.0,0.0,1.0
87,guardian,mixed,Ukraine war briefing: Russia claims test of nuclear-powered missile condemned as ‘flying Chornobyl’,https://www.theguardian.com/world/2025/oct/27/ukraine-war-briefing-russian-claims-test-of-nuclear-powered-missile-known-as-flying-chornobyl,mixed,1.0,0.0,0.0,1.0
88,guardian,mixed,Going nuclear: Kathryn Bigelow back in geopolitical territory with atomic thriller,https://www.theguardian.com/film/2025/aug/22/kathryn-bigelow-oscar-winner-returns-political-thriller-threat-nuclear-bomb,mixed,1.0,0.0,0.0,1.0
89,guardian,mixed,Community groups warn against push to ‘rip up’ UK nuclear industry rules,https://www.theguardian.com/environment/2025/sep/12/nuclear-regulatory-taskforce-consultation-new-power-stations-uk,mixed,1.0,0.0,0.0,1.0
90,guardian,mixed,Trump moves nuclear submarines after ex-Russia president’s menacing tweet,https://www.theguardian.com/us-news/2025/aug/01/trump-nuclear-submarines-russia-ukraine,mixed,1.0,0.0,0.0,1.0
91,guardian,mixed,UN inspectors can resume work at Iran nuclear sites after breakthrough deal,https://www.theguardian.com/world/2025/sep/10/un-inspectors-iran-nuclear-sites-breakthrough-deal,mixed,1.0,0.0,0.0,1.0
92,guardian,mixed,"Iran has hours to act or face UN nuclear sanctions snapback, says Macron",https://www.theguardian.com/world/2025/sep/24/iran-has-hours-to-act-or-face-un-nuclear-sanctions-snapback-says-macron,mixed,1.0,0.0,0.0,1.0
93,guardian,mixed,Nuclear triad and ‘robot wolves’: parade shows off array of Chinese weapons,https://www.theguardian.com/world/2025/sep/03/nuclear-triad-robot-wolves-china-weapons-parade,mixed,1.0,0.0,0.0,1.0
94,guardian,mixed,Can we afford to be afraid of nuclear power?,https://www.theguardian.com/books/2025/jul/06/can-we-afford-to-be-afraid-of-nuclear-power,mixed,1.0,0.0,0.0,1.0
95,guardian,mixed,Ukraine war briefing: Repairs begin in bid to restore power to Zaporizhzhia nuclear plant,https://www.theguardian.com/world/2025/oct/19/ukraine-war-briefing-repairs-begin-in-bid-to-restore-power-to-zaporizhzhia-nuclear-plant,mixed,1.0,0.0,0.0,1.0
96,guardian,mixed,Morning Mail: One Nation job for Pauline Hanson’s daughter; tensions high amid US-Iran nuclear talks; fears over ChatGPT Health advice,https://www.theguardian.com/australia-news/2026/feb/27/morning-mail-friday-ntwnfb,mixed,1.0,0.0,0.0,1.0
97,guardian,mixed,"Fighter jets purchase would put UK in breach of nuclear treaty, says CND",https://www.theguardian.com/world/2025/sep/26/uk-fighter-jets-purchase-nuclear-treaty-cnd,mixed,1.0,0.0,0.0,1.0
98,guardian,mixed,"Iran will exchange nuclear monitoring for lifted sanctions, says its foreign minister",https://www.theguardian.com/world/2025/sep/07/iran-will-exchange-nuclear-monitoring-for-lifted-sanctions-says-its-foreign-minister,mixed,1.0,0.0,0.0,1.0
99,guardian,mixed,Iran’s foreign minister meets with UN nuclear watchdog in bid to avert sanctions,https://www.theguardian.com/world/2025/sep/22/irans-foreign-minister-meets-with-un-nuclear-watchdog-in-bid-to-avert-sanctions,mixed,1.0,0.0,0.0,1.0
100,guardian,mixed,"More drilling in North Sea ‘not the answer’ for UK energy security, say former military leaders",https://www.theguardian.com/environment/2026/mar/31/drilling-north-sea-not-the-answer-uk-energy-security,mixed,1.0,0.0,0.0,1.0
101,greenpeace,negative,Stories - Greenpeace International,https://www.greenpeace.org/international/story/,negative,0.0,1.0,0.0,1.0
103,greenpeace,negative,Another year of war in Ukraine: Energy grid attacks among Russia’s escalating crimes - Greenpeace International,https://www.greenpeace.org/international/story/81580/russia-ukraine-war-invasion-energy-grid-attacks-russias-crimes/,negative,0.0,1.0,0.0,1.0
106,greenpeace,negative,Russia’s fossil fuel war economy drives oppression and climate breakdown - Greenpeace International,https://www.greenpeace.org/international/story/80300/russias-fossil-fuel-war-economy-drives-oppression-climate-breakdown/,negative,0.0,1.0,0.0,1.0
109,greenpeace,negative,From Hiroshima to Gaza: defending peace - Greenpeace International,https://www.greenpeace.org/international/story/77736/from-hiroshima-to-gaza-defending-peace/,negative,0.0,1.0,0.0,1.0
112,greenpeace,negative,"80 years since Hiroshima and Nagasaki — time for a nuclear-free world for a peaceful, sustainable future - Greenpeace International",https://www.greenpeace.org/international/story/77462/80-years-since-hiroshima-and-nagasaki-time-for-a-nuclear-free-world-for-a-peaceful-sustainable-future/,negative,0.0,1.0,0.0,1.0
115,greenpeace,negative,How can we protect peace and democracy? Greenpeace joins a united call to action - Greenpeace International,https://www.greenpeace.org/international/story/77486/how-can-we-protect-peace-and-democracy-greenpeace-joins-a-united-call-to-action/,negative,0.0,1.0,0.0,1.0
118,greenpeace,negative,A defining moment in history: 40 years ago the Marshall Islands fought to protect their future… and defied the US - Greenpeace International,https://www.greenpeace.org/international/story/75199/a-defining-moment-in-history-40-years-ago-the-marshall-islands-fought-to-protect-their-future-and-defied-the-us/,negative,0.0,1.0,0.0,1.0
123,greenpeace,negative,Tracing radiation through the Marshall Islands: Reflections from a Greenpeace nuclear specialist - Greenpeace International,https://www.greenpeace.org/international/story/74328/tracing-radiation-through-the-marshall-islands-reflections-from-a-greenpeace-nuclear-specialist/,negative,0.0,1.0,0.0,1.0
126,greenpeace,negative,Meet 6 Marshallese women activists who are changing the world - Greenpeace International,https://www.greenpeace.org/international/story/74169/meet-6-marshallese-female-activists-who-are-changing-the-world/,negative,0.0,1.0,0.0,1.0
129,greenpeace,negative,"“We are not just welcoming you as allies, but as family” – Why the Rainbow Warrior is back to Marshall Islands 40 years later - Greenpeace International",https://www.greenpeace.org/international/story/73458/we-are-not-just-welcoming-you-as-allies-but-as-family-why-the-rainbow-warrior-is-back-to-marshall-islands-40-years-later/,negative,0.0,1.0,0.0,1.0
132,greenpeace,negative,More powerful than Hiroshima: how the largest ever US nuclear weapons test built a nation of leaders in the Marshall Islands - Greenpeace International,https://www.greenpeace.org/international/story/65565/nuclear-victims-remembrance-day-united-states-must-comply-with-marshall-islands-demands-for-recognition-and-nuclear-justice/,negative,0.0,1.0,0.0,1.0
137,greenpeace,negative,Three years on: Russia’s fossil-fuelled invasion of Ukraine continues - Greenpeace International,https://www.greenpeace.org/international/story/73020/three-years-on-russias-fossil-fuelled-invasion-of-ukraine-continues/,negative,0.0,1.0,0.0,1.0
140,greenpeace,negative,Greenpeace Ukraine: demonstration of bravery - Greenpeace International,https://www.greenpeace.org/international/story/69612/greenpeace-ukraine-history-bravery/,negative,0.0,1.0,0.0,1.0
143,greenpeace,negative,Grim nuclear anniversary: Zaporizhzhia must not repeat Chornobyl - Greenpeace International,https://www.greenpeace.org/international/story/66648/grim-nuclear-anniversary-zaporizhzhia-chornobyl-ukraine/,negative,0.0,1.0,0.0,1.0
146,greenpeace,negative,Barbie vs Oppenheimer: two diametrically opposed universes that remind us of two existential threats - Greenpeace International,https://www.greenpeace.org/international/story/60876/barbie-vs-oppenheimer-two-diametrically-opposed-universes-that-remind-us-of-two-existential-threats/,negative,0.0,1.0,0.0,1.0
149,greenpeace,negative,A heating world can’t afford a cold war - Greenpeace International,https://www.greenpeace.org/international/story/60291/a-heating-world-cant-afford-a-cold-war/,negative,0.0,1.0,0.0,1.0
152,greenpeace,negative,"Tschüss, Atomkraft: the end of nuclear power in Germany - Greenpeace International",https://www.greenpeace.org/international/story/59219/tschuss-atomkraft-end-nuclear-power-germany/,negative,0.0,1.0,0.0,1.0
157,greenpeace,negative,Chornobyl: Putin’s war in Ukraine renews nuclear dangers and memories of 1986 disaster - Greenpeace International,https://www.greenpeace.org/international/story/53449/chornobyl-putin-war-ukraine-nuclear-dangers-1986-disaster/,negative,0.0,1.0,0.0,1.0
160,greenpeace,negative,6 reasons why nuclear energy is not the way to a green and peaceful world - Greenpeace International,https://www.greenpeace.org/international/story/52758/reasons-why-nuclear-energy-not-way-green-and-peaceful-world/,negative,0.0,1.0,0.0,1.0
163,greenpeace,negative,How to help people affected by the Ukraine war - Greenpeace International,https://www.greenpeace.org/international/story/52558/how-to-help-people-affected-by-the-ukraine-war/,negative,0.0,1.0,0.0,1.0
168,greenpeace,negative,Their unheard voices: The fishermen of Fukushima - Greenpeace International,https://www.greenpeace.org/international/story/51822/unheard-voices-fishermen-fukushima/,negative,0.0,1.0,0.0,1.0
171,greenpeace,negative,The Japanese government and the Fukushima nuclear disaster – History repeating itself? - Greenpeace International,https://www.greenpeace.org/international/story/50827/japanese-government-fukushima-nuclear-disaster-history/,negative,0.0,1.0,0.0,1.0
174,greenpeace,negative,Do we need a new Chornobyl? - Greenpeace International,https://www.greenpeace.org/international/story/47384/nuclear-do-we-need-a-new-chornobyl/,negative,0.0,1.0,0.0,1.0
177,greenpeace,negative,A decade since the Fukushima disaster - Greenpeace International,https://www.greenpeace.org/international/story/46720/since-fukushima-disaster-decade/,negative,0.0,1.0,0.0,1.0
180,greenpeace,negative,Nuclear weapons are illegal at last - Greenpeace International,https://www.greenpeace.org/international/story/46233/nuclear-weapons-illegal-treaty/,negative,0.0,1.0,0.0,1.0
183,greenpeace,negative,What does safety mean to you? - Greenpeace International,https://www.greenpeace.org/international/story/45302/what-does-safety-mean-to-you/,negative,0.0,1.0,0.0,1.0
186,greenpeace,negative,Fading memories of the atomic bombing – Hiroshima 75 years later - Greenpeace International,https://www.greenpeace.org/international/story/44543/fading-memories-of-atomic-bombing-hiroshima-75-years-later/,negative,0.0,1.0,0.0,1.0
191,greenpeace,negative,Redefining safety - Greenpeace International,https://www.greenpeace.org/international/story/30235/security-military-spending-war-covid-coronavirus/,negative,0.0,1.0,0.0,1.0
194,greenpeace,negative,Chernobyl still burns - Greenpeace International,https://www.greenpeace.org/international/story/30198/chornobyl-still-burns-forest-fires-ukraine-nuclear-radiation/,negative,0.0,1.0,0.0,1.0
197,greenpeace,negative,Fukushima and the 2020 Olympics - Greenpeace International,https://www.greenpeace.org/international/story/28509/fukushima-and-the-2020-olympics/,negative,0.0,1.0,0.0,1.0
200,greenpeace,negative,‘Cattenom Nine’: Activists face jail for sounding the alarm bell on nuclear safety - Greenpeace International,https://www.greenpeace.org/international/story/25273/cattenom-nine-activists-face-jail-for-sounding-the-alarm-bell-on-nuclear-safety/,negative,0.0,1.0,0.0,1.0
203,greenpeace,negative,Why civil disobedience works - Rex Weyler - Greenpeace International,https://www.greenpeace.org/international/story/24721/why-civil-disobedience-works/,negative,0.0,1.0,0.0,1.0
206,greenpeace,negative,Fukushima tragedy: The day of black snow - Greenpeace International,https://www.greenpeace.org/international/story/23925/fukushima-tragedy-the-day-of-black-snow/,negative,0.0,1.0,0.0,1.0
211,greenpeace,negative,"From Hiroshima to now, can nuclear ever be peaceful? - Greenpeace International",https://www.greenpeace.org/international/story/23650/from-hiroshima-to-now-can-nuclear-ever-be-peaceful/,negative,0.0,1.0,0.0,1.0
214,greenpeace,negative,"The ‘Chernobyl’ mini-series has finished, but the real life catastrophe never ends - Greenpeace International",https://www.greenpeace.org/international/story/22799/the-chernobyl-mini-series-has-finished-but-the-real-life-catastrophe-never-ends/,negative,0.0,1.0,0.0,1.0
217,greenpeace,negative,Five reasons to support a total ban of nuclear weapons today - Greenpeace International,https://www.greenpeace.org/international/story/18631/five-reasons-prohibition-of-nuclear-weapons/,negative,0.0,1.0,0.0,1.0
220,greenpeace,negative,The Business of War: how weapons manufactured in Europe help inflict harm in the rest of the world - Greenpeace International,https://www.greenpeace.org/international/story/16452/the-business-of-war-how-weapons-manufactured-in-europe-help-inflict-harm-in-the-rest-of-the-world/,negative,0.0,1.0,0.0,1.0
223,greenpeace,negative,5 reasons why a floating nuclear power plant in the Arctic is a terrible idea - Greenpeace International,https://www.greenpeace.org/international/story/16277/5-reasons-why-a-floating-nuclear-power-plant-in-the-arctic-is-a-terrible-idea/,negative,0.0,1.0,0.0,1.0
228,greenpeace,negative,"32 years after Chornobyl, next up, a Chornobyl on ice? - Greenpeace International",https://www.greenpeace.org/international/story/16149/32-years-on-chornobyl-on-ice/,negative,0.0,1.0,0.0,1.0
231,greenpeace,negative,This woman is winning the fight for justice after Fukushima - Greenpeace International,https://www.greenpeace.org/international/story/15218/fukushima-nuclear-fight-for-justice/,negative,0.0,1.0,0.0,1.0
234,greenpeace,negative,The Fukushima nuclear waste crisis is a human rights violation - Greenpeace International,https://www.greenpeace.org/international/story/11710/the-fukushima-nuclear-waste-crisis-is-a-human-rights-violation/,negative,0.0,1.0,0.0,1.0
237,greenpeace,negative,Nuclear security: power plants are poorly protected against malicious acts - Greenpeace International,https://www.greenpeace.org/international/story/11707/nuclear-security-power-plants-are-poorly-protected-against-malicious-acts/,negative,0.0,1.0,0.0,1.0
240,greenpeace,negative,Nuclear power and the collapse of society - Greenpeace International,https://www.greenpeace.org/international/story/47815/nuclear-power-and-the-collapse-of-society/,negative,0.0,1.0,0.0,1.0
243,greenpeace,negative,Nuclear testing is not a path to security and peace - Greenpeace International,https://www.greenpeace.org/international/story/7288/nuclear-testing-is-not-a-path-to-security-and-peace/,negative,0.0,1.0,0.0,1.0
248,greenpeace,negative,Marshall Islands vs big nuclear – will the tiny island get the justice they deserve? - Greenpeace International,https://www.greenpeace.org/international/story/7295/marshall-islands-vs-big-nuclear-will-the-tiny-island-get-the-justice-they-deserve/,negative,0.0,1.0,0.0,1.0
464,wnn,pro,Grants allocated for Swedish feasibility studies - World Nuclear News,https://www.world-nuclear-news.org/articles/grants-allocated-for-swedish-feasibility-studies,pro,0.0,0.0,1.0,1.0
465,wnn,pro,Adani launches nuclear subsidiary - World Nuclear News,https://www.world-nuclear-news.org/articles/adani-launches-nuclear-subsidiary,pro,0.0,0.0,1.0,1.0
466,wnn,pro,First new Kursk unit 'ready for commercial operation' - World Nuclear News,https://www.world-nuclear-news.org/articles/first-new-kursk-unit-ready-for-commercial-operation,pro,0.0,0.0,1.0,1.0
467,wnn,pro,Bruce Power to share nuclear knowledge with Energy Alberta - World Nuclear News,https://www.world-nuclear-news.org/articles/bruce-power-to-share-nuclear-knowledge-with-energy-alberta,pro,0.0,0.0,1.0,1.0
468,wnn,pro,First Taipingling unit enters commercial operation - World Nuclear News,https://www.world-nuclear-news.org/articles/first-taipingling-unit-enters-commercial-operation,pro,0.0,0.0,1.0,1.0
469,wnn,pro,Kazakhstan strategy considers four nuclear power plants - World Nuclear News,https://www.world-nuclear-news.org/articles/kazakhstan-strategy-considers-four-nuclear-power-plants,pro,0.0,0.0,1.0,1.0
470,wnn,pro,Kairos breaks ground for Hermes 2 reactor - World Nuclear News,https://www.world-nuclear-news.org/articles/kairos-breaks-ground-for-hermes-2-reactor,pro,0.0,0.0,1.0,1.0
471,wnn,pro,OSGE and development agency sign agreement for Polish SMR project - World Nuclear News,https://www.world-nuclear-news.org/articles/osge-and-development-agency-sign-agreement-for-polish-smr-project,pro,0.0,0.0,1.0,1.0
472,wnn,pro,EC to examine Romanian plans for funding reactor refurbishment - World Nuclear News,https://www.world-nuclear-news.org/articles/ec-to-examine-romanian-plans-for-funding-reactor-refurbishment,pro,0.0,0.0,1.0,1.0
473,wnn,pro,Dutch agreement paves way for construction of commercial MSR - World Nuclear News,https://www.world-nuclear-news.org/articles/dutch-agreement-paves-way-for-construction-of-commercial-msr,pro,0.0,0.0,1.0,1.0
474,wnn,pro,"ConverDyn considering building Metropolis 2.0 plant, conference told - World Nuclear News",https://www.world-nuclear-news.org/articles/converdyn-considering-building-metropolis-20-plant-conference-told,pro,0.0,0.0,1.0,1.0
475,wnn,pro,CNL to produce demonstration ANEEL fuel bundles - World Nuclear News,https://www.world-nuclear-news.org/articles/cnl-to-produce-demonstration-aneel-fuel-bundles,pro,0.0,0.0,1.0,1.0
476,wnn,pro,Bruce Power to share large reactor experience with SaskPower - World Nuclear News,https://www.world-nuclear-news.org/articles/bruce-power-to-share-large-reactor-experience-with-saskpower,pro,0.0,0.0,1.0,1.0
477,wnn,pro,"Growing recognition of nuclear fuel cycle's importance, WNFC hears - World Nuclear News",https://www.world-nuclear-news.org/articles/growing-recognition-nuclear-fuel-cycle-importance-wnfc-hears,pro,0.0,0.0,1.0,1.0
478,wnn,pro,Kashiwazaki-Kariwa 6 resumes commercial operation - World Nuclear News,https://www.world-nuclear-news.org/articles/kashiwazaki-kariwa-6-resumes-commercial-operation,pro,0.0,0.0,1.0,1.0
479,wnn,pro,Application lodged to build microreactor at US university - World Nuclear News,https://www.world-nuclear-news.org/articles/application-lodged-to-build-microreactor-at-us-university,pro,0.0,0.0,1.0,1.0
480,wnn,pro,Bulgarian minister wants fixed price for Kozloduy 7 and 8 - World Nuclear News,https://www.world-nuclear-news.org/articles/bulgarian-minister-wants-fixed-price-for-kozloduy-7-and-8,pro,0.0,0.0,1.0,1.0
481,wnn,pro,Grohnde nuclear fuel transfer completed - World Nuclear News,https://www.world-nuclear-news.org/articles/grohnde-nuclear-fuel-transfer-completed,pro,0.0,0.0,1.0,1.0
482,wnn,pro,Outer dome installed at Changjiang unit 4 - World Nuclear News,https://www.world-nuclear-news.org/articles/outer-dome-installed-at-changjiang-unit-4,pro,0.0,0.0,1.0,1.0
483,wnn,pro,Bulgarian repository officially opened - World Nuclear News,https://www.world-nuclear-news.org/articles/bulgarian-repository-officially-opened,pro,0.0,0.0,1.0,1.0
484,wnn,pro,UKAEA sets out fusion strategy for coming years - World Nuclear News,https://www.world-nuclear-news.org/articles/ukaea-sets-out-fusion-strategy-for-coming-years,pro,0.0,0.0,1.0,1.0
485,wnn,pro,Rosatom 'ready to answer all Paks II questions' - World Nuclear News,https://www.world-nuclear-news.org/articles/rosatom-ready-to-answer-all-paks-2-questions,pro,0.0,0.0,1.0,1.0
486,wnn,pro,Swedish state to take stake in nuclear development firm - World Nuclear News,https://www.world-nuclear-news.org/articles/swedish-state-to-take-stake-in-nuclear-development-firm,pro,0.0,0.0,1.0,1.0
487,wnn,pro,SGE to cooperate with Spanish fuel manufacturers - World Nuclear News,https://www.world-nuclear-news.org/articles/sge-to-cooperate-with-spanish-fuel-manufacturers,pro,0.0,0.0,1.0,1.0
488,wnn,pro,US Air Force names potential SMR hosts - World Nuclear News,https://www.world-nuclear-news.org/articles/us-air-force-names-potential-smr-hosts,pro,0.0,0.0,1.0,1.0
489,wnn,pro,Dutch nuclear new-build partnership announced - World Nuclear News,https://www.world-nuclear-news.org/articles/dutch-nuclear-new-build-partnership-announced,pro,0.0,0.0,1.0,1.0
490,wnn,pro,Conditional funding announced for US fusion-based isotope facility - World Nuclear News,https://www.world-nuclear-news.org/articles/conditional-funding-announced-for-us-fusion-based-isotope-facility,pro,0.0,0.0,1.0,1.0
491,wnn,pro,Third unit at Korea's Saeul plant starts up - World Nuclear News,https://www.world-nuclear-news.org/articles/third-unit-at-koreas-saeul-plant-starts-up,pro,0.0,0.0,1.0,1.0
492,wnn,pro,Contract signed for delivery of UK's first SMRs - World Nuclear News,https://www.world-nuclear-news.org/articles/contract-signed-for-delivery-of-uks-first-smrs,pro,0.0,0.0,1.0,1.0
493,wnn,pro,Podcast: China's ambitious plans for new nuclear capacity - World Nuclear News,https://www.world-nuclear-news.org/articles/podcast-chinas-plans-for-new-nuclear-capacity,pro,0.0,0.0,1.0,1.0
494,wnn,pro,First-of-a-kind microreactor test bed open for business - World Nuclear News,https://www.world-nuclear-news.org/articles/first-of-a-kind-microreactor-test-bed-open-for-business,pro,0.0,0.0,1.0,1.0
495,wnn,pro,Three US states pave way for new nuclear - World Nuclear News,https://www.world-nuclear-news.org/articles/three-us-states-pave-way-for-new-nuclear,pro,0.0,0.0,1.0,1.0
496,wnn,pro,Dismantling of reactor channels to begin at second Ignalina unit - World Nuclear News,https://www.world-nuclear-news.org/articles/dismantling-of-reactor-channels-to-begin-at-second-ignalina-unit,pro,0.0,0.0,1.0,1.0
497,wnn,pro,ČEZ eyeing 80-year operation of Dukovany units - World Nuclear News,https://www.world-nuclear-news.org/articles/cez-eyeing-80-year-operation-of-dukovany-units,pro,0.0,0.0,1.0,1.0
498,wnn,pro,New Korean reactor cleared for start up - World Nuclear News,https://www.world-nuclear-news.org/articles/new-korean-reactor-cleared-for-start-up,pro,0.0,0.0,1.0,1.0
499,wnn,pro,"EDF, NTPC sign MoU to explore new Indian nuclear projects - World Nuclear News",https://www.world-nuclear-news.org/articles/edf-ntpc-sign-mou-to-explore-new-indian-nuclear-projects,pro,0.0,0.0,1.0,1.0
500,wnn,pro,Study highlights opportunities for Dutch nuclear supply chain - World Nuclear News,https://www.world-nuclear-news.org/articles/study-highlights-opportunities-for-dutch-nuclear-supply-chain,pro,0.0,0.0,1.0,1.0
501,wnn,pro,Framatome signs VVER-440 fuel agreement with EU utilities - World Nuclear News,https://www.world-nuclear-news.org/articles/framatome-signs-vver-440-fuel-agreement-with-eu-utilities,pro,0.0,0.0,1.0,1.0
502,wnn,pro,Avalanche Energy contracted to develop radioisotope power technology - World Nuclear News,https://www.world-nuclear-news.org/articles/avalanche-energy-contracted-to-develop-radioisotope-power-technology,pro,0.0,0.0,1.0,1.0
503,wnn,pro,Westinghouse sets standards to support fleet-scale AP1000 deployment - World Nuclear News,https://www.world-nuclear-news.org/articles/westinghouse-sets-standards-to-support-fleet-scale-ap1000-deployment,pro,0.0,0.0,1.0,1.0
504,wnn,pro,Testing of innovative VVER fuel begins - World Nuclear News,https://www.world-nuclear-news.org/articles/testing-of-innovative-vver-fuel-begins,pro,0.0,0.0,1.0,1.0
505,wnn,pro,Commission calls for Norway to prepare for nuclear energy - World Nuclear News,https://www.world-nuclear-news.org/articles/commission-calls-for-norway-to-prepare-for-nuclear-energy,pro,0.0,0.0,1.0,1.0
506,wnn,pro,Deep Isolation selected for new US federal support - World Nuclear News,https://www.world-nuclear-news.org/articles/deep-isolation-selected-for-new-us-federal-support,pro,0.0,0.0,1.0,1.0
507,wnn,pro,"GE Vernova Hitachi, AFRY to collaborate on SMR deployment - World Nuclear News",https://www.world-nuclear-news.org/articles/ge-vernova-hitachi-afry-to-collaborate-on-smr-deployment,pro,0.0,0.0,1.0,1.0
508,wnn,pro,First criticality for Indian fast breeder reactor - World Nuclear News,https://www.world-nuclear-news.org/articles/first-criticality-for-indian-fast-breeder-reactor,pro,0.0,0.0,1.0,1.0
509,wnn,pro,Construction of second Jinqimen unit begins - World Nuclear News,https://www.world-nuclear-news.org/articles/construction-of-second-jinqimen-unit-begins,pro,0.0,0.0,1.0,1.0
510,wnn,pro,Diablo Canyon receives licence renewals - World Nuclear News,https://www.world-nuclear-news.org/articles/diablo-canyon-receives-licence-renewals,pro,0.0,0.0,1.0,1.0
511,wnn,pro,"AMPERA, Scorpio team up for maritime microreactors - World Nuclear News",https://www.world-nuclear-news.org/articles/ampera-scorpio-team-up-for-maritime-microreactors,pro,0.0,0.0,1.0,1.0
512,wnn,pro,South Korean reactor restarts after three-year outage - World Nuclear News,https://www.world-nuclear-news.org/articles/south-korean-reactor-restarts-after-three-year-outage,pro,0.0,0.0,1.0,1.0
513,wnn,pro,OPG applies for operating licence for BWRX-300 SMR - World Nuclear News,https://www.world-nuclear-news.org/articles/opg-applies-for-operating-licence-for-bwrx-300-smr,pro,0.0,0.0,1.0,1.0
514,wnn,pro,Reactor vessel installed at Lianjiang unit 2 - World Nuclear News,https://www.world-nuclear-news.org/articles/reactor-vessel-installed-at-lianjiang-unit-2,pro,0.0,0.0,1.0,1.0
515,wnn,pro,UK plant transfers to government ownership - World Nuclear News,https://www.world-nuclear-news.org/articles/uk-plant-transfers-to-government-ownership,pro,0.0,0.0,1.0,1.0
516,wnn,pro,New England governors unite for nuclear - World Nuclear News,https://www.world-nuclear-news.org/articles/new-england-governors-unite-for-nuclear,pro,0.0,0.0,1.0,1.0
517,wnn,pro,Polish companies team up for regional SMR deployment - World Nuclear News,https://www.world-nuclear-news.org/articles/polish-companies-team-up-for-regional-smr-deployment,pro,0.0,0.0,1.0,1.0
518,wnn,pro,Belarus set for role in Smolensk nuclear construction - World Nuclear News,https://www.world-nuclear-news.org/articles/belarus-set-for-role-in-smolensk-nuclear-construction,pro,0.0,0.0,1.0,1.0
519,wnn,pro,Milestone for Palisades restart - World Nuclear News,https://www.world-nuclear-news.org/articles/milestone-for-palisades-restart,pro,0.0,0.0,1.0,1.0
520,wnn,pro,EC launches investigation into French nuclear funding plans - World Nuclear News,https://www.world-nuclear-news.org/articles/ec-launches-investigation-into-french-nuclear-funding-plans,pro,0.0,0.0,1.0,1.0
521,wnn,pro,Ukraine's cabinet approves nuclear fuel production plan - World Nuclear News,https://www.world-nuclear-news.org/articles/ukraines-cabinet-approves-nuclear-fuel-production-plan,pro,0.0,0.0,1.0,1.0
522,wnn,pro,"Amentum, Cavendish Nuclear joint venture gets key UK SMRs role - World Nuclear News",https://www.world-nuclear-news.org/articles/amentum-cavendish-joint-venture-gets-key-UK-SMRs-role,pro,0.0,0.0,1.0,1.0
523,wnn,pro,Application lodged for Poland's first nuclear power plant - World Nuclear News,https://www.world-nuclear-news.org/articles/application-lodged-for-polands-first-nuclear-power-plant,pro,0.0,0.0,1.0,1.0
524,wnn,pro,Korean reactor gets go-ahead to restart - World Nuclear News,https://www.world-nuclear-news.org/articles/korean-reactor-gets-go-ahead-to-restart,pro,0.0,0.0,1.0,1.0
525,wnn,pro,Holtec SMR design clears key UK regulatory stage - World Nuclear News,https://www.world-nuclear-news.org/articles/holtec-smr-design-clears-key-uk-regulatory-stage,pro,0.0,0.0,1.0,1.0
526,wnn,pro,South Africa's Necsa seeks SMR partnership - World Nuclear News,https://www.world-nuclear-news.org/articles/south-africas-necsa-seeks-smr-partnership,pro,0.0,0.0,1.0,1.0
527,wnn,pro,"Rooppur 1 boron flushes completed, ahead of fuel loading - World Nuclear News",https://www.world-nuclear-news.org/articles/rooppur-1-boron-flushes-completed-ahead-of-fuel-loading,pro,0.0,0.0,1.0,1.0
528,wnn,pro,New Hampshire to assess deployment of advanced reactors - World Nuclear News,https://www.world-nuclear-news.org/articles/new-hampshire-to-assess-deployment-of-advanced-reactors,pro,0.0,0.0,1.0,1.0
529,wnn,pro,New US company plans uranium conversion facility - World Nuclear News,https://www.world-nuclear-news.org/articles/new-us-company-plans-uranium-conversion-facility,pro,0.0,0.0,1.0,1.0
530,wnn,pro,Containment tests completed at Sanmen 3 - World Nuclear News,https://www.world-nuclear-news.org/articles/containment-tests-completed-at-sanmen-3,pro,0.0,0.0,1.0,1.0
531,wnn,pro,Bulgarian repository moves closer to commissioning - World Nuclear News,https://www.world-nuclear-news.org/articles/bulgarian-repository-moves-closer-to-commissioning,pro,0.0,0.0,1.0,1.0
532,wnn,pro,In Pictures: Akkuyu 2's polar crane installed - World Nuclear News,https://www.world-nuclear-news.org/articles/in-pictures-akkuyu-2s-polar-crane-installed,pro,0.0,0.0,1.0,1.0
533,wnn,pro,Study outlines Finnish options for new nuclear capacity - World Nuclear News,https://www.world-nuclear-news.org/articles/study-outlines-finnish-options-for-new-nuclear-capacity,pro,0.0,0.0,1.0,1.0
534,wnn,pro,Taipower applies to restart Maanshan plant - World Nuclear News,https://www.world-nuclear-news.org/articles/taipower-applies-to-restart-maanshan-plant,pro,0.0,0.0,1.0,1.0
535,wnn,pro,"Microsoft, Nvidia team up for AI for nuclear - World Nuclear News",https://www.world-nuclear-news.org/articles/microsoft-nvidia-team-up-for-ai-for-nuclear,pro,0.0,0.0,1.0,1.0
536,wnn,pro,Excavation work approved for India's Mahi Banswara units - World Nuclear News,https://www.world-nuclear-news.org/articles/excavation-work-approved-for-indias-mahi-banswara-units,pro,0.0,0.0,1.0,1.0
537,wnn,pro,First 10 years of Russian final waste repository reviewed - World Nuclear News,https://www.world-nuclear-news.org/articles/first-10-years-of-russian-near-surface-waste-repository-reviewed,pro,0.0,0.0,1.0,1.0
538,wnn,pro,Kentucky incentives support laser enrichment plant - World Nuclear News,https://www.world-nuclear-news.org/articles/kentucky-incentives-support-laser-enrichment-plant,pro,0.0,0.0,1.0,1.0
539,wnn,pro,Singapore to bolster nuclear safety capabilities - World Nuclear News,https://www.world-nuclear-news.org/articles/singapore-to-bolster-nuclear-safety-capabilities,pro,0.0,0.0,1.0,1.0
540,wnn,pro,Assessment completed of Chernobyl shelter repair works - World Nuclear News,https://www.world-nuclear-news.org/articles/assessment-completed-of-chernobyl-shelter-repair-works,pro,0.0,0.0,1.0,1.0
541,wnn,pro,NASA aims for nuclear-powered Mars mission in 2028 - World Nuclear News,https://www.world-nuclear-news.org/articles/nasa-aims-for-nuclear-powered-mars-mission-in-2028,pro,0.0,0.0,1.0,1.0
542,wnn,pro,Brazil's NBEPar and Rosatom create joint venture - World Nuclear News,https://www.world-nuclear-news.org/articles/brazils-nbepar-and-rosatom-create-joint-venture,pro,0.0,0.0,1.0,1.0
543,wnn,pro,"Rolls-Royce SMR, Studsvik enhance collaboration - World Nuclear News",https://www.world-nuclear-news.org/articles/rolls-royce-smr-studsvik-enhance-collaboration,pro,0.0,0.0,1.0,1.0
544,wnn,pro,Deep Isolation further validates borehole technology - World Nuclear News,https://www.world-nuclear-news.org/articles/deep-isolation-further-validates-borehole-technology,pro,0.0,0.0,1.0,1.0
545,wnn,pro,Newcleo kicks off US regulatory interactions - World Nuclear News,https://www.world-nuclear-news.org/articles/newcleo-kicks-off-us-regulatory-interactions,pro,0.0,0.0,1.0,1.0
546,wnn,pro,German energy minister calls nuclear phase-out 'huge mistake' - World Nuclear News,https://www.world-nuclear-news.org/articles/german-energy-minister-calls-nuclear-phase-out-huge-mistake,pro,0.0,0.0,1.0,1.0
547,wnn,pro,NRC seeks public comments on Project Matador environmental review - World Nuclear News,https://www.world-nuclear-news.org/articles/nrc-seeks-public-comments-on-project-matador-environmental-review,pro,0.0,0.0,1.0,1.0
548,wnn,pro,Pilot operation for REMIX fuel completed - World Nuclear News,https://www.world-nuclear-news.org/articles/pilot-operation-for-remix-fuel-completed,pro,0.0,0.0,1.0,1.0
549,wnn,pro,Nucleareurope releases action plan to stimulate EU nuclear investments - World Nuclear News,https://www.world-nuclear-news.org/articles/nucleareurope-releases-action-plan-to-stimulate-eu-nuclear-investments,pro,0.0,0.0,1.0,1.0
550,wnn,pro,Uzbekistan and Russia mark SMR construction progress - World Nuclear News,https://www.world-nuclear-news.org/articles/uzbekistan-russia-mark-smr-construction-progress,pro,0.0,0.0,1.0,1.0
551,wnn,pro,Data centre to be built near planned Polish nuclear power plant - World Nuclear News,https://www.world-nuclear-news.org/articles/data-centre-to-be-built-near-planned-polish-nuclear-power-plant,pro,0.0,0.0,1.0,1.0
552,wnn,pro,Upgraded turbine monitoring system at Temelin 2 - World Nuclear News,https://www.world-nuclear-news.org/articles/upgraded-turbine-monitoring-introduced-at-temelin-2,pro,0.0,0.0,1.0,1.0
553,wnn,pro,NDA launches waste container standardisation initiative - World Nuclear News,https://www.world-nuclear-news.org/articles/nda-launches-waste-container-standardisation-initiative,pro,0.0,0.0,1.0,1.0
554,wnn,pro,"Vietnam, Russia sign agreement on new nuclear plant - World Nuclear News",https://www.world-nuclear-news.org/articles/vietnam-russia-intergovernmental-agreement-on-new-nuclear,pro,0.0,0.0,1.0,1.0
555,wnn,pro,Application submitted for Swedish SMR plant - World Nuclear News,https://www.world-nuclear-news.org/articles/application-submitted-for-swedish-smr-plant,pro,0.0,0.0,1.0,1.0
556,wnn,pro,Kazatomprom preparing Akdala deposit's next steps - World Nuclear News,https://www.world-nuclear-news.org/articles/kazatomprom-preparing-for-transfer-of-akdala-deposit,pro,0.0,0.0,1.0,1.0
557,wnn,pro,"UEC expands output at Wyoming mine, initiates conversion facility licensing process - World Nuclear News",https://www.world-nuclear-news.org/articles/uec-expands-output-at-wyoming-mine-initiates-licensing-of-conversion-facility,pro,0.0,0.0,1.0,1.0
558,wnn,pro,The Nuclear Company launches nuclear services subsidiary - World Nuclear News,https://www.world-nuclear-news.org/articles/the-nuclear-company-launches-nuclear-services-subsidiary,pro,0.0,0.0,1.0,1.0
559,wnn,pro,Aalo completes assembly of experimental reactor - World Nuclear News,https://www.world-nuclear-news.org/articles/aalo-completes-assembly-of-experimental-reactor,pro,0.0,0.0,1.0,1.0
560,wnn,pro,"X-energy, Talen to assess deployment of multiple SMR plants - World Nuclear News",https://www.world-nuclear-news.org/articles/x-energy-talen-to-assess-deployment-of-multiple-smr-plants,pro,0.0,0.0,1.0,1.0
561,wnn,pro,Framatome to supply low-enriched fuel for Belgium's BR2 research reactor - World Nuclear News,https://www.world-nuclear-news.org/articles/framatome-to-supply-low-enriched-fuel-for-belgiums-br2-research-reactor,pro,0.0,0.0,1.0,1.0
562,wnn,pro,Early construction landmarks for Chinese units - World Nuclear News,https://www.world-nuclear-news.org/articles/early-construction-landmarks-for-chinese-units,pro,0.0,0.0,1.0,1.0
563,wnn,pro,IAEA warning of risks of losing off-site power - World Nuclear News,https://www.world-nuclear-news.org/articles/iaea-warning-of-risks-of-losing-off-site-power,pro,0.0,0.0,1.0,1.0
564,wna,pro,Uranium Production by Country - World Nuclear Association,https://world-nuclear.org/information-library/facts-and-figures/uranium-production-by-country,pro,0.0,0.0,1.0,1.0
565,wna,pro,World Nuclear Power Reactors & Uranium Requirements - World Nuclear Association,https://world-nuclear.org/information-library/facts-and-figures/world-nuclear-power-reactors-and-uranium-requireme,pro,0.0,0.0,1.0,1.0
566,wna,pro,Overview of the World Nuclear Association Reactor Database - World Nuclear Association,https://world-nuclear.org/information-library/facts-and-figures/reactor-database-2025-update-and-guide,pro,0.0,0.0,1.0,1.0
567,wna,pro,Nuclear Glossary - World Nuclear Association,https://world-nuclear.org/information-library/facts-and-figures/nuclear-glossary,pro,0.0,0.0,1.0,1.0
568,wna,pro,Nuclear Power Plant Explorer - World Nuclear Association,https://world-nuclear.org/information-library/facts-and-figures/nuclear-power-plant-explorer,pro,0.0,0.0,1.0,1.0
569,wna,pro,Countries A F - World Nuclear Association,https://world-nuclear.org/information-library/country-profiles/countries-a-f,pro,0.0,0.0,1.0,1.0
570,wna,pro,Countries G N - World Nuclear Association,https://world-nuclear.org/information-library/country-profiles/countries-g-n,pro,0.0,0.0,1.0,1.0
571,wna,pro,Countries O S - World Nuclear Association,https://world-nuclear.org/information-library/country-profiles/countries-o-s,pro,0.0,0.0,1.0,1.0
572,wna,pro,Countries T Z - World Nuclear Association,https://world-nuclear.org/information-library/country-profiles/countries-t-z,pro,0.0,0.0,1.0,1.0
573,wna,pro,Others - World Nuclear Association,https://world-nuclear.org/information-library/country-profiles/others,pro,0.0,0.0,1.0,1.0
574,wna,pro,Nuclear Power in Argentina - World Nuclear Association,https://world-nuclear.org/information-library/country-profiles/countries-a-f/argentina,pro,0.0,0.0,1.0,1.0
575,wna,pro,Nuclear Power in Armenia - World Nuclear Association,https://world-nuclear.org/information-library/country-profiles/countries-a-f/armenia,pro,0.0,0.0,1.0,1.0
576,wna,pro,Australia's Uranium - World Nuclear Association,https://world-nuclear.org/information-library/country-profiles/countries-a-f/australia,pro,0.0,0.0,1.0,1.0
577,wna,pro,Nuclear Power in Bangladesh - World Nuclear Association,https://world-nuclear.org/information-library/country-profiles/countries-a-f/bangladesh,pro,0.0,0.0,1.0,1.0
578,wna,pro,Nuclear Power in Belarus - World Nuclear Association,https://world-nuclear.org/information-library/country-profiles/countries-a-f/belarus,pro,0.0,0.0,1.0,1.0
579,wna,pro,Nuclear Power in Belgium - World Nuclear Association,https://world-nuclear.org/information-library/country-profiles/countries-a-f/belgium,pro,0.0,0.0,1.0,1.0
580,wna,pro,Nuclear Power in Brazil - World Nuclear Association,https://world-nuclear.org/information-library/country-profiles/countries-a-f/brazil,pro,0.0,0.0,1.0,1.0
581,wna,pro,Nuclear Power in Bulgaria - World Nuclear Association,https://world-nuclear.org/information-library/country-profiles/countries-a-f/bulgaria,pro,0.0,0.0,1.0,1.0
582,wna,pro,Nuclear Power in Canada - World Nuclear Association,https://world-nuclear.org/information-library/country-profiles/countries-a-f/canada-nuclear-power,pro,0.0,0.0,1.0,1.0
583,wna,pro,Uranium in Canada - World Nuclear Association,https://world-nuclear.org/information-library/country-profiles/countries-a-f/canada-uranium,pro,0.0,0.0,1.0,1.0
584,wna,pro,China's Nuclear Fuel Cycle - World Nuclear Association,https://world-nuclear.org/information-library/country-profiles/countries-a-f/china-nuclear-fuel-cycle,pro,0.0,0.0,1.0,1.0
585,wna,pro,Nuclear Power in China - World Nuclear Association,https://world-nuclear.org/information-library/country-profiles/countries-a-f/china-nuclear-power,pro,0.0,0.0,1.0,1.0
586,wna,pro,Nuclear Power in Czech Republic - World Nuclear Association,https://world-nuclear.org/information-library/country-profiles/countries-a-f/czech-republic,pro,0.0,0.0,1.0,1.0
587,wna,pro,Nuclear Energy in Denmark - World Nuclear Association,https://world-nuclear.org/information-library/country-profiles/countries-a-f/denmark,pro,0.0,0.0,1.0,1.0
588,wna,pro,Nuclear Power in Egypt - World Nuclear Association,https://world-nuclear.org/information-library/country-profiles/countries-a-f/egypt,pro,0.0,0.0,1.0,1.0
589,wna,pro,Nuclear Power in Finland - World Nuclear Association,https://world-nuclear.org/information-library/country-profiles/countries-a-f/finland,pro,0.0,0.0,1.0,1.0
590,wna,pro,Nuclear Power in France - World Nuclear Association,https://world-nuclear.org/information-library/country-profiles/countries-a-f/france,pro,0.0,0.0,1.0,1.0
591,wna,pro,Nuclear Power in Estonia - World Nuclear Association,https://world-nuclear.org/information-library/country-profiles/countries-a-f/estonia,pro,0.0,0.0,1.0,1.0
592,wna,pro,Nuclear Power in Germany - World Nuclear Association,https://world-nuclear.org/information-library/country-profiles/countries-g-n/germany,pro,0.0,0.0,1.0,1.0
593,wna,pro,Nuclear Power in Hungary - World Nuclear Association,https://world-nuclear.org/information-library/country-profiles/countries-g-n/hungary,pro,0.0,0.0,1.0,1.0
594,wna,pro,Nuclear Power in India - World Nuclear Association,https://world-nuclear.org/information-library/country-profiles/countries-g-n/india,pro,0.0,0.0,1.0,1.0
595,wna,pro,Nuclear Power in Indonesia - World Nuclear Association,https://world-nuclear.org/information-library/country-profiles/countries-g-n/nuclear-power-in-indonesia,pro,0.0,0.0,1.0,1.0
596,wna,pro,Nuclear Power in Iran - World Nuclear Association,https://world-nuclear.org/information-library/country-profiles/countries-g-n/iran,pro,0.0,0.0,1.0,1.0
597,wna,pro,Nuclear Power in Italy - World Nuclear Association,https://world-nuclear.org/information-library/country-profiles/countries-g-n/italy,pro,0.0,0.0,1.0,1.0
598,wna,pro,Japan's Nuclear Fuel Cycle - World Nuclear Association,https://world-nuclear.org/information-library/country-profiles/countries-g-n/japan-nuclear-fuel-cycle,pro,0.0,0.0,1.0,1.0
599,wna,pro,Nuclear Power in Japan - World Nuclear Association,https://world-nuclear.org/information-library/country-profiles/countries-g-n/japan-nuclear-power,pro,0.0,0.0,1.0,1.0
600,wna,pro,Nuclear Power in Jordan - World Nuclear Association,https://world-nuclear.org/information-library/country-profiles/countries-g-n/jordan,pro,0.0,0.0,1.0,1.0
601,wna,pro,Uranium and Nuclear Power in Kazakhstan - World Nuclear Association,https://world-nuclear.org/information-library/country-profiles/countries-g-n/kazakhstan,pro,0.0,0.0,1.0,1.0
602,wna,pro,Uranium in Kyrgyzstan - World Nuclear Association,https://world-nuclear.org/information-library/country-profiles/countries-g-n/kyrgyzstan,pro,0.0,0.0,1.0,1.0
603,wna,pro,Nuclear Power in Lithuania - World Nuclear Association,https://world-nuclear.org/information-library/country-profiles/countries-g-n/lithuania,pro,0.0,0.0,1.0,1.0
604,wna,pro,Nuclear Power in Mexico - World Nuclear Association,https://world-nuclear.org/information-library/country-profiles/countries-g-n/mexico,pro,0.0,0.0,1.0,1.0
605,wna,pro,Uranium in Mongolia - World Nuclear Association,https://world-nuclear.org/information-library/country-profiles/countries-g-n/mongolia,pro,0.0,0.0,1.0,1.0
606,wna,pro,Uranium in Namibia - World Nuclear Association,https://world-nuclear.org/information-library/country-profiles/countries-g-n/namibia,pro,0.0,0.0,1.0,1.0
607,wna,pro,Nuclear Power in the Netherlands - World Nuclear Association,https://world-nuclear.org/information-library/country-profiles/countries-g-n/netherlands,pro,0.0,0.0,1.0,1.0
608,wna,pro,Nuclear Energy Prospects in New Zealand - World Nuclear Association,https://world-nuclear.org/information-library/country-profiles/countries-g-n/new-zealand,pro,0.0,0.0,1.0,1.0
609,wna,pro,Uranium in Niger - World Nuclear Association,https://world-nuclear.org/information-library/country-profiles/countries-g-n/niger,pro,0.0,0.0,1.0,1.0
610,wna,pro,Nuclear Power in Pakistan - World Nuclear Association,https://world-nuclear.org/information-library/country-profiles/countries-o-s/pakistan,pro,0.0,0.0,1.0,1.0
611,wna,pro,Nuclear Power in the Philippines - World Nuclear Association,https://world-nuclear.org/information-library/country-profiles/countries-o-s/philippines,pro,0.0,0.0,1.0,1.0
612,wna,pro,Nuclear Power in Poland - World Nuclear Association,https://world-nuclear.org/information-library/country-profiles/countries-o-s/poland,pro,0.0,0.0,1.0,1.0
613,wna,pro,Nuclear Power in Romania - World Nuclear Association,https://world-nuclear.org/information-library/country-profiles/countries-o-s/romania,pro,0.0,0.0,1.0,1.0
614,wna,pro,Russia's Nuclear Fuel Cycle - World Nuclear Association,https://world-nuclear.org/information-library/country-profiles/countries-o-s/russia-nuclear-fuel-cycle,pro,0.0,0.0,1.0,1.0
615,wna,pro,Nuclear Power in Saudi Arabia - World Nuclear Association,https://world-nuclear.org/information-library/country-profiles/countries-o-s/saudi-arabia,pro,0.0,0.0,1.0,1.0
616,wna,pro,Nuclear Power in Slovakia - World Nuclear Association,https://world-nuclear.org/information-library/country-profiles/countries-o-s/slovakia,pro,0.0,0.0,1.0,1.0
617,wna,pro,Nuclear Power in Slovenia - World Nuclear Association,https://world-nuclear.org/information-library/country-profiles/countries-o-s/slovenia,pro,0.0,0.0,1.0,1.0
618,wna,pro,Nuclear Power in South Africa - World Nuclear Association,https://world-nuclear.org/information-library/country-profiles/countries-o-s/south-africa,pro,0.0,0.0,1.0,1.0
619,wna,pro,Nuclear Power in South Korea - World Nuclear Association,https://world-nuclear.org/information-library/country-profiles/countries-o-s/south-korea,pro,0.0,0.0,1.0,1.0
620,wna,pro,Nuclear Power in Spain - World Nuclear Association,https://world-nuclear.org/information-library/country-profiles/countries-o-s/spain,pro,0.0,0.0,1.0,1.0
621,wna,pro,Nuclear Power in Sweden - World Nuclear Association,https://world-nuclear.org/information-library/country-profiles/countries-o-s/sweden,pro,0.0,0.0,1.0,1.0
622,wna,pro,Nuclear Power in Switzerland - World Nuclear Association,https://world-nuclear.org/information-library/country-profiles/countries-o-s/switzerland,pro,0.0,0.0,1.0,1.0
623,wna,pro,Uranium in Tajikistan - World Nuclear Association,https://world-nuclear.org/information-library/country-profiles/countries-t-z/tajikistan,pro,0.0,0.0,1.0,1.0
624,wna,pro,Nuclear Power in Turkey - World Nuclear Association,https://world-nuclear.org/information-library/country-profiles/countries-t-z/turkey,pro,0.0,0.0,1.0,1.0
625,wna,pro,Nuclear Power in Ukraine - World Nuclear Association,https://world-nuclear.org/information-library/country-profiles/countries-t-z/ukraine,pro,0.0,0.0,1.0,1.0
626,wna,pro,Ukraine: Russia-Ukraine War and Nuclear Energy - World Nuclear Association,https://world-nuclear.org/information-library/country-profiles/countries-t-z/ukraine-russia-war-and-nuclear-energy,pro,0.0,0.0,1.0,1.0
627,wna,pro,Nuclear Power in the United Arab Emirates - World Nuclear Association,https://world-nuclear.org/information-library/country-profiles/countries-t-z/united-arab-emirates,pro,0.0,0.0,1.0,1.0
628,wna,pro,Nuclear Power in the United Kingdom - World Nuclear Association,https://world-nuclear.org/information-library/country-profiles/countries-t-z/united-kingdom,pro,0.0,0.0,1.0,1.0
629,wna,pro,US Nuclear Fuel Cycle - World Nuclear Association,https://world-nuclear.org/information-library/country-profiles/countries-t-z/usa-nuclear-fuel-cycle,pro,0.0,0.0,1.0,1.0
630,wna,pro,Nuclear Power in the USA - World Nuclear Association,https://world-nuclear.org/information-library/country-profiles/countries-t-z/usa-nuclear-power,pro,0.0,0.0,1.0,1.0
631,wna,pro,US Nuclear Power Policy - World Nuclear Association,https://world-nuclear.org/information-library/country-profiles/countries-t-z/usa-nuclear-power-policy,pro,0.0,0.0,1.0,1.0
632,wna,pro,US Uranium Mining and Exploration - World Nuclear Association,https://world-nuclear.org/information-library/country-profiles/countries-t-z/us-uranium-mining,pro,0.0,0.0,1.0,1.0
633,wna,pro,Uranium in Uzbekistan - World Nuclear Association,https://world-nuclear.org/information-library/country-profiles/countries-t-z/uzbekistan,pro,0.0,0.0,1.0,1.0
634,wna,pro,Nuclear Power in Vietnam - World Nuclear Association,https://world-nuclear.org/information-library/country-profiles/countries-t-z/vietnam,pro,0.0,0.0,1.0,1.0
635,wna,pro,Asia's Nuclear Energy Growth - World Nuclear Association,https://world-nuclear.org/information-library/country-profiles/others/asias-nuclear-energy-growth,pro,0.0,0.0,1.0,1.0
636,wna,pro,California's Electricity - World Nuclear Association,https://world-nuclear.org/information-library/country-profiles/others/californias-electricity,pro,0.0,0.0,1.0,1.0
637,wna,pro,Emerging Nuclear Energy Countries - World Nuclear Association,https://world-nuclear.org/information-library/country-profiles/others/emerging-nuclear-energy-countries,pro,0.0,0.0,1.0,1.0
638,wna,pro,Nuclear Power in the European Union - World Nuclear Association,https://world-nuclear.org/information-library/country-profiles/others/european-union,pro,0.0,0.0,1.0,1.0
639,wna,pro,Nuclear Power in Taiwan - World Nuclear Association,https://world-nuclear.org/information-library/country-profiles/others/nuclear-power-in-taiwan,pro,0.0,0.0,1.0,1.0
640,wna,pro,Uranium in Africa - World Nuclear Association,https://world-nuclear.org/information-library/country-profiles/others/uranium-in-africa,pro,0.0,0.0,1.0,1.0
641,wna,pro,Introduction - World Nuclear Association,https://world-nuclear.org/information-library/nuclear-fuel-cycle/introduction,pro,0.0,0.0,1.0,1.0
642,wna,pro,Uranium Resources - World Nuclear Association,https://world-nuclear.org/information-library/nuclear-fuel-cycle/uranium-resources,pro,0.0,0.0,1.0,1.0
643,wna,pro,Mining of Uranium - World Nuclear Association,https://world-nuclear.org/information-library/nuclear-fuel-cycle/mining-of-uranium,pro,0.0,0.0,1.0,1.0
724,wna,pro,"Conversion, Enrichment & Fabrication - World Nuclear Association",https://world-nuclear.org/information-library/nuclear-fuel-cycle/conversion-enrichment-fabrication,pro,0.0,0.0,1.0,1.0
725,wna,pro,Fuel Recycling - World Nuclear Association,https://world-nuclear.org/information-library/nuclear-fuel-cycle/fuel-recycling,pro,0.0,0.0,1.0,1.0
726,wna,pro,Nuclear Waste - World Nuclear Association,https://world-nuclear.org/information-library/nuclear-fuel-cycle/nuclear-waste,pro,0.0,0.0,1.0,1.0
727,wna,pro,Transport - World Nuclear Association,https://world-nuclear.org/information-library/nuclear-fuel-cycle/transport,pro,0.0,0.0,1.0,1.0
728,wna,pro,Nuclear Fuel Cycle Overview - World Nuclear Association,https://world-nuclear.org/information-library/nuclear-fuel-cycle/introduction/nuclear-fuel-cycle-overview,pro,0.0,0.0,1.0,1.0
729,wna,pro,What is Uranium? How Does it Work? - World Nuclear Association,https://world-nuclear.org/information-library/nuclear-fuel-cycle/introduction/what-is-uranium-how-does-it-work,pro,0.0,0.0,1.0,1.0
730,wna,pro,Physics of Uranium and Nuclear Energy - World Nuclear Association,https://world-nuclear.org/information-library/nuclear-fuel-cycle/introduction/physics-of-nuclear-energy,pro,0.0,0.0,1.0,1.0
731,wna,pro,Uranium Markets - World Nuclear Association,https://world-nuclear.org/information-library/nuclear-fuel-cycle/uranium-resources/uranium-markets,pro,0.0,0.0,1.0,1.0
732,wna,pro,Supply of Uranium - World Nuclear Association,https://world-nuclear.org/information-library/nuclear-fuel-cycle/uranium-resources/supply-of-uranium,pro,0.0,0.0,1.0,1.0
733,wna,pro,Geology of Uranium Deposits - World Nuclear Association,https://world-nuclear.org/information-library/nuclear-fuel-cycle/uranium-resources/geology-of-uranium-deposits,pro,0.0,0.0,1.0,1.0
734,wna,pro,Military Warheads as a Source of Nuclear Fuel - World Nuclear Association,https://world-nuclear.org/information-library/nuclear-fuel-cycle/uranium-resources/military-warheads-as-a-source-of-nuclear-fuel,pro,0.0,0.0,1.0,1.0
735,wna,pro,Uranium and Depleted Uranium - World Nuclear Association,https://world-nuclear.org/information-library/nuclear-fuel-cycle/uranium-resources/uranium-and-depleted-uranium,pro,0.0,0.0,1.0,1.0
736,wna,pro,Uranium from Phosphates - World Nuclear Association,https://world-nuclear.org/information-library/nuclear-fuel-cycle/uranium-resources/uranium-from-phosphates,pro,0.0,0.0,1.0,1.0
737,wna,pro,Uranium from Rare Earth Deposits - World Nuclear Association,https://world-nuclear.org/information-library/nuclear-fuel-cycle/uranium-resources/uranium-from-rare-earths-deposits,pro,0.0,0.0,1.0,1.0
738,wna,pro,The Cosmic Origins of Uranium - World Nuclear Association,https://world-nuclear.org/information-library/nuclear-fuel-cycle/uranium-resources/the-cosmic-origins-of-uranium,pro,0.0,0.0,1.0,1.0
739,wna,pro,World Uranium Mining Production - World Nuclear Association,https://world-nuclear.org/information-library/nuclear-fuel-cycle/mining-of-uranium/world-uranium-mining-production,pro,0.0,0.0,1.0,1.0
740,wna,pro,Uranium Mining Overview - World Nuclear Association,https://world-nuclear.org/information-library/nuclear-fuel-cycle/mining-of-uranium/uranium-mining-overview,pro,0.0,0.0,1.0,1.0
741,wna,pro,In-Situ Leach Mining of Uranium - World Nuclear Association,https://world-nuclear.org/information-library/nuclear-fuel-cycle/mining-of-uranium/in-situ-leach-mining-of-uranium,pro,0.0,0.0,1.0,1.0
742,wna,pro,Environmental Aspects of Uranium Mining - World Nuclear Association,https://world-nuclear.org/information-library/nuclear-fuel-cycle/mining-of-uranium/environmental-aspects-of-uranium-mining,pro,0.0,0.0,1.0,1.0
743,wna,pro,Conversion and Deconversion - World Nuclear Association,https://world-nuclear.org/information-library/nuclear-fuel-cycle/conversion-enrichment-and-fabrication/conversion-and-deconversion,pro,0.0,0.0,1.0,1.0
749,beyond_nuclear,negative,World Added More Than 200-GW of Utility-Scale Solar PV in 2025 - Beyond Nuclear,https://beyondnuclear.org/world-added-more-than-200-gw-of-utility-scale-solar-pv-in-2025/,negative,0.0,1.0,0.0,1.0
750,beyond_nuclear,negative,FAQs from Don't Nuke the Climate - Beyond Nuclear,https://beyondnuclear.org/faqs-from-dont-nuke-the-climate/,negative,0.0,1.0,0.0,1.0
752,beyond_nuclear,negative,No To Nuclear book tour and webinar calendar - Beyond Nuclear,https://beyondnuclear.org/no-to-nuclear-book-tour/,negative,0.0,1.0,0.0,1.0
753,beyond_nuclear,negative,GOING GREEN? Iran war boosts renewables (not nuclear) - Beyond Nuclear,https://beyondnuclear.org/going-green-iran-war-boosts-renewables-not-nuclear/,negative,0.0,1.0,0.0,1.0
754,beyond_nuclear,negative,PROTECT BETTER: Join us to STOP more radiation exposure - Beyond Nuclear,https://beyondnuclear.org/protect-better-stop-more-radiation-exposure/,negative,0.0,1.0,0.0,1.0
755,beyond_nuclear,negative,News - Beyond Nuclear,https://beyondnuclear.org/nuclear-power/news/page/2/,negative,0.0,1.0,0.0,1.0
756,beyond_nuclear,negative,News - Beyond Nuclear,https://beyondnuclear.org/nuclear-power/news/page/3/,negative,0.0,1.0,0.0,1.0
757,beyond_nuclear,negative,News - Beyond Nuclear,https://beyondnuclear.org/nuclear-power/news/page/114/,negative,0.0,1.0,0.0,1.0
758,beyond_nuclear,negative,New England governors pledge nuclear support - Beyond Nuclear,https://beyondnuclear.org/new-england-governors-pledge-nuclear-support/,negative,0.0,1.0,0.0,1.0
759,beyond_nuclear,negative,New book lays out radiation's impact - Beyond Nuclear,https://beyondnuclear.org/new-book-lays-out-radiations-impact/,negative,0.0,1.0,0.0,1.0
760,beyond_nuclear,negative,Beyond Nuclear statement on threat to Iran's reactor - Beyond Nuclear,https://beyondnuclear.org/beyond-nuclear-statement-on-threat-to-irans-reactor/,negative,0.0,1.0,0.0,1.0
761,beyond_nuclear,negative,Multigenerational impacts: nuclear's lasting legacy - Beyond Nuclear,https://beyondnuclear.org/multigenerational-impacts-nuclears-lasting-legacy/,negative,0.0,1.0,0.0,1.0
762,beyond_nuclear,negative,No To Nuclear on Nuclear Hotseat - Beyond Nuclear,https://beyondnuclear.org/no-to-nuclear-on-nuclear-hotseat/,negative,0.0,1.0,0.0,1.0
764,beyond_nuclear,negative,News - Beyond Nuclear,https://beyondnuclear.org/nuclear-power/news/page/4/,negative,0.0,1.0,0.0,1.0
766,beyond_nuclear,negative,Webinar: No to Nuclear - Beyond Nuclear,https://beyondnuclear.org/webinar-no-to-nuclear/,negative,0.0,1.0,0.0,1.0
767,beyond_nuclear,negative,“No Kings” / “No Nukes” Sat. 03/28/2026 - Beyond Nuclear,https://beyondnuclear.org/no-kings-no-nukes-03-28-2026/,negative,0.0,1.0,0.0,1.0
768,beyond_nuclear,negative,The dark side of reactors on the moon - Beyond Nuclear,https://beyondnuclear.org/the-dark-side-of-reactors-on-the-moon/,negative,0.0,1.0,0.0,1.0
769,beyond_nuclear,negative,No to Nuclear. Get your copy! - Beyond Nuclear,https://beyondnuclear.org/no-to-nuclear-get-your-copy/,negative,0.0,1.0,0.0,1.0
770,beyond_nuclear,negative,Rolls-Royce rip-off - Beyond Nuclear,https://beyondnuclear.org/rolls-royce-rip-off/,negative,0.0,1.0,0.0,1.0
773,beyond_nuclear,negative,News - Beyond Nuclear,https://beyondnuclear.org/nuclear-power/news/page/5/,negative,0.0,1.0,0.0,1.0
775,beyond_nuclear,negative,Scottish Labour on the nuclear take? - Beyond Nuclear,https://beyondnuclear.org/scottish-labour-on-the-nuclear-take/,negative,0.0,1.0,0.0,1.0
776,beyond_nuclear,negative,Deep Fission to get Deep Environmental review? - Beyond Nuclear,https://beyondnuclear.org/deep-fission-to-get-deep-environmental-review/,negative,0.0,1.0,0.0,1.0
777,beyond_nuclear,negative,NRDC lends its support to restart closed reactor - Beyond Nuclear,https://beyondnuclear.org/nrdc-lends-support-to-restart-closed-reactor/,negative,0.0,1.0,0.0,1.0
778,beyond_nuclear,negative,The never-ending legacy of Fukushima - Beyond Nuclear,https://beyondnuclear.org/the-never-ending-legacy-of-fukushima/,negative,0.0,1.0,0.0,1.0
779,beyond_nuclear,negative,NRC buckles to White House and licenses dangerous TerraPower reactor - Beyond Nuclear,https://beyondnuclear.org/nrc-buckles-to-white-house-and-licenses-dangerous-terrapower-reactor/,negative,0.0,1.0,0.0,1.0
783,beyond_nuclear,negative,News - Beyond Nuclear,https://beyondnuclear.org/nuclear-power/news/page/6/,negative,0.0,1.0,0.0,1.0
798,beyond_nuclear,negative,News - Beyond Nuclear,https://beyondnuclear.org/nuclear-power/news/,negative,0.0,1.0,0.0,1.0
